{"cameraMode":{"drawMode":0,"name":"Shaded","section":"Shading Mode"},"sceneLighting":false,"audioPlay":false,"sceneViewState":{"m_AlwaysRefresh":false,"showFog":true,"showSkybox":false,"showFlares":true,"showImageEffects":true,"showParticleSystems":true,"showVisualEffectGraphs":true,"m_FxEnabled":true},"in2DMode":false,"pivot":{"x":-0.47409573197364809,"y":3.419421434402466,"z":-0.4202488660812378},"rotation":{"x":-0.0019355136901140214,"y":0.7656733989715576,"z":-0.002305136527866125,"w":-0.64323890209198},"size":1.4614194631576539,"orthographic":false}